Peptide ID,H77 AA sequence
41110,MSTNPKPQRKTKRNTNR 
41111,QRKTKRNTNRRPQDVK 
41112,NTNRRPQDVKFPGGGQI 
41113,DVKFPGGGQIVGGVYL 
41114,GGQIVGGVYLLPRR 
41115,VGGVYLLPRRGPRLGV 
41116,LPRRGPRLGVRATRK 
41117,PRLGVRATRKTSER 
41118,VRATRKTSERSQPRGR 
41119,TSERSQPRGRRQPIPK 
41120,PRGRRQPIPKARRPEGR 
41121,IPKARRPEGRTWAQPGY 
41122,EGRTWAQPGYPWPLY 
41123,AQPGYPWPLYGNEGCGW 
41124,PLYGNEGCGWAGWLL 
41125,EGCGWAGWLLSPRGSR 
41126,GWLLSPRGSRPSWGPTDPR 
41127,RPSWGPTDPRRRSRNL 
41128,TDPRRRSRNLGKVI 
41129,RRSRNLGKVIDTLTCGF 
41130,KVIDTLTCGFADLMGY 
41131,TCGFADLMGYIPLVGA 
41132,LMGYIPLVGAPLGGAA 
41133,LVGAPLGGAARALAH 
41134,LGGAARALAHGVRVL 
41135,RALAHGVRVLEDGVNY 
41136,VRVLEDGVNYATGNL 
41137,DGVNYATGNLPGCSF 
41138,ATGNLPGCSFSIFLLA 
41139,GCSFSIFLLALLSCL 
41140,IFLLALLSCLTVPASA 
41141,LSCLTVPASAYQVR 
41142,TVPASAYQVRNSSGLY 
41143,YQVRNSSGLYHVTNDCPNSSI 
41144,VTNDCPNSSIVYEAA 
41145,PNSSIVYEAADAILH 
41146,VYEAADAILHTPGCV 
41147,DAILHTPGCVPCVR 
41148,HTPGCVPCVREGNASR 
41149,PCVREGNASRCWVAV 
41150,GNASRCWVAVTPTVA 
41151,CWVAVTPTVATRDGKL 
41152,PTVATRDGKLPTTQLR 
41153,DGKLPTTQLRRHIDLL 
41154,TQLRRHIDLLVGSATL 
41155,IDLLVGSATLCSALYV 
41156,SATLCSALYVGDLCGSV 
41157,LYVGDLCGSVFLVGQL 
41158,CGSVFLVGQLFTFSPR 
41159,VGQLFTFSPRRHWTTQDCNCSI 
41160,WTTQDCNCSIYPGHI 
41161,CNCSIYPGHITGHRMA 
41162,PGHITGHRMAWDMMM 
41163,GHRMAWDMMMNWSPTA 
41164,DMMMNWSPTAALVVA 
41165,WSPTAALVVAQLLRI 
41166,ALVVAQLLRIPQAIM 
41167,QLLRIPQAIMDMIAGA 
41168,QAIMDMIAGAHWGVLA 
41169,IAGAHWGVLAGIAYF 
41170,WGVLAGIAYFSMVGNW 
41171,IAYFSMVGNWAKVLVV 
41172,VGNWAKVLVVLLLFA 
41173,KVLVVLLLFAGVDA 
41174,VLLLFAGVDAETHV 
41175,FAGVDAETHVTGGSA 
41176,AETHVTGGSAGRTTA 
41177,TGGSAGRTTAGLVGLL 
41178,RTTAGLVGLLTPGAK
41179,LVGLLTPGAKQNIQLI
41180,PGAKQNIQLINTNGSW 
41181,IQLINTNGSWHINSTA 
41182,NGSWHINSTALNCNESL 
41183,STALNCNESLNTGWLA 
41184,NESLNTGWLAGLFYQH
41185,GWLAGLFYQHKFNSSGCPER 
41186,KFNSSGCPERLASCRR 
41187,CPERLASCRRLTDFA 
41188,ASCRRLTDFAQGWGPI 
41189,TDFAQGWGPISYANGSGL 
41190,PISYANGSGLDERPY 
41191,NGSGLDERPYCWHY 
41192,LDERPYCWHYPPRPCGI
41193,WHYPPRPCGIVPAKSV 
41194,PCGIVPAKSVCGPVY 
41195,PAKSVCGPVYCFTPSPV 
41196,PVYCFTPSPVVVGTTDR 
41197,SPVVVGTTDRSGAPTY 
41198,TTDRSGAPTYSWGA 
41199,SGAPTYSWGANDTDVF 
41200,SWGANDTDVFVLNNTR
41201,TDVFVLNNTRPPLGNW 
41202,NNTRPPLGNWFGCTWM 
41203,LGNWFGCTWMNSTGF 
41204,GCTWMNSTGFTKVCGA 
41205,STGFTKVCGAPPCVI 
41206,KVCGAPPCVIGGVGNNTL 
41207,VIGGVGNNTLLCPTDCF
41208,NTLLCPTDCFRKHPEA 
41209,TDCFRKHPEATYSR 
41210,RKHPEATYSRCGSGPW 
41211,TYSRCGSGPWITPRCM 
41212,SGPWITPRCMVDYPYR 
41213,PRCMVDYPYRLWHY 
41214,VDYPYRLWHYPCTINY 
41215,LWHYPCTINYTIFKVR 
41216,TINYTIFKVRMYVGGV 
41217,FKVRMYVGGVEHRLEA 
41218,VGGVEHRLEAACNWTR 
41219,RLEAACNWTRGERCDL 
41220,NWTRGERCDLEDRDR 
41221,ERCDLEDRDRSELSPL 
41222,DRDRSELSPLLLSTTQW 
41223,SPLLLSTTQWQVLPCSF 
41224,TQWQVLPCSFTTLPAL 
41225,PCSFTTLPALSTGLIH 
41226,LPALSTGLIHLHQNIV 
41227,GLIHLHQNIVDVQYLY 
41228,QNIVDVQYLYGVGSSI 
41229,QYLYGVGSSIASWAIK 
41230,GSSIASWAIKWEYVVL 
41231,WAIKWEYVVLLFLLLA 
41232,YVVLLFLLLADARV 
41233,LFLLLADARVCSCLWM 
41234,DARVCSCLWMMLLI 
41235,CSCLWMMLLISQAEAA 
41236,MLLISQAEAALENLVI 
41237,AEAALENLVILNAASL 
41238,NLVILNAASLAGTHGL 
41239,AASLAGTHGLVSFLVF 
41240,THGLVSFLVFFCFAWY 
41241,FLVFFCFAWYLKGRWV 
41242,FAWYLKGRWVPGAVYA 
41243,GRWVPGAVYAFYGMW
41244,GAVYAFYGMWPLLLLL 
41245,YGMWPLLLLLLALPQR 
41246,LLLLLALPQRAYAL 
41247,LALPQRAYALDTEVAA 
41248,AYALDTEVAASCGGVV 
41249,EVAASCGGVVLVGLMA 
41250,GGVVLVGLMALTLSPY 
41251,GLMALTLSPYYKRYI 
41252,TLSPYYKRYISWCMWW 
41253,KRYISWCMWWLQYFL 
41254,WCMWWLQYFLTRVEA 
41255,LQYFLTRVEAQLHVWV 
41256,RVEAQLHVWVPPLNVR 
41257,HVWVPPLNVRGGRDAV 
41258,LNVRGGRDAVILLMCV 
41259,RDAVILLMCVVHPTLV 
41260,LMCVVHPTLVFDITKL 
41261,PTLVFDITKLLLAIF 
41262,DITKLLLAIFGPLWIL 
41263,LAIFGPLWILQASLLK
41264,LWILQASLLKVPYFVR 
41265,SLLKVPYFVRVQGLLR 
41266,YFVRVQGLLRICALAR 
41267,GLLRICALARKIAGGH 
41268,ALARKIAGGHYVQMAI
41269,AGGHYVQMAIIKLGAL 
41270,QMAIIKLGALTGTYVY 
41271,LGALTGTYVYNHLTPL 
41272,TYVYNHLTPLRDWAH 
41273,HLTPLRDWAHNGLRDL 
41274,DWAHNGLRDLAVAV 
41275,NGLRDLAVAVEPVVF 
41276,LAVAVEPVVFSRMETK 
41277,PVVFSRMETKLITWGA 
41278,METKLITWGADTAA 
41279,LITWGADTAACGDII 
41280,ADTAACGDIINGLPV 
41281,CGDIINGLPVSARR 
41282,INGLPVSARRGQEILL 
41283,SARRGQEILLGPADGM 
41284,EILLGPADGMVSKGWR 
41285,ADGMVSKGWRLLAPI 
41286,SKGWRLLAPITAYA 
41287,RLLAPITAYAQQTRGL 
41288,TAYAQQTRGLLGCII 
41289,QTRGLLGCIITSLTGR 
41290,GCIITSLTGRDKNQV 
41291,SLTGRDKNQVEGEVQI 
41292,KNQVEGEVQIVSTA 
41293,EGEVQIVSTATQTFLA 
41294,VSTATQTFLATCINGV
41295,TFLATCINGVCWTVYH 
41296,INGVCWTVYHGAGTR 
41297,WTVYHGAGTRTIASPK 
41298,AGTRTIASPKGPVIQM 
41299,ASPKGPVIQMYTNV 
41300,GPVIQMYTNVDQDLV 
41301,MYTNVDQDLVGWPA 
41302,VDQDLVGWPAPQGSR 
41303,VGWPAPQGSRSLTPCTCGSSDL 
41304,TPCTCGSSDLYLVTRH 
41305,SSDLYLVTRHADVIPV 
41306,VTRHADVIPVRRRGDSR 
41307,IPVRRRGDSRGSLL 
41308,RRGDSRGSLLSPRPI 
41309,RGSLLSPRPISYLK 
41310,LSPRPISYLKGSSGGPL 
41311,YLKGSSGGPLLCPAGH 
41312,GGPLLCPAGHAVGLFR 
41313,PAGHAVGLFRAAVCTR 
41314,GLFRAAVCTRGVAKAV
41315,VCTRGVAKAVDFIPV 
41316,VAKAVDFIPVENLETT
41317,IPVENLETTMRSPVF 
41318,LETTMRSPVFTDNSSPPA 
41319,VFTDNSSPPAVPQSF 
41320,SSPPAVPQSFQVAHLH 
41321,PQSFQVAHLHAPTGSGK 
41322,HLHAPTGSGKSTKVPA 
41323,GSGKSTKVPAAYAA 
41324,STKVPAAYAAQGYKVL 
41325,AYAAQGYKVLVLNPSV 
41326,YKVLVLNPSVAATLGF 
41327,NPSVAATLGFGAYMSK 
41328,TLGFGAYMSKAHGV 
41329,GAYMSKAHGVDPNIR 
41330,KAHGVDPNIRTGVRTI 
41331,PNIRTGVRTITTGSPI 
41332,VRTITTGSPITYSTY 
41333,TGSPITYSTYGKFLA 
41334,TYSTYGKFLADGGCSGGA 
41335,LADGGCSGGAYDIII 
41336,CSGGAYDIIICDECH 
41337,YDIIICDECHSTDA 
41338,ICDECHSTDATSILGI 
41339,STDATSILGIGTVL 
41340,TSILGIGTVLDQAETA 
41341,GTVLDQAETAGARLVV 
41342,AETAGARLVVLATA 
41343,GARLVVLATATPPGSV 
41344,LATATPPGSVTVSH 
41345,TPPGSVTVSHPNIEEV 
41346,TVSHPNIEEVALSTTGEI
41347,EVALSTTGEIPFYGKA 
41348,TGEIPFYGKAIPLEVI 
41349,YGKAIPLEVIKGGRHL 
41350,LEVIKGGRHLIFCHSK 
41351,GRHLIFCHSKKKCDEL 
41352,CHSKKKCDELAAKLVA 
41353,CDELAAKLVALGINAV 
41354,KLVALGINAVAYYRGL 
41355,INAVAYYRGLDVSVI 
41356,YYRGLDVSVIPTSGDV 
41357,VSVIPTSGDVVVVSTDA 
41358,GDVVVVSTDALMTGF 
41359,VSTDALMTGFTGDF
41360,ALMTGFTGDFDSVI 
41361,GFTGDFDSVIDCNTCV
41362,DSVIDCNTCVTQTVDF 
41363,NTCVTQTVDFSLDPTF 
41364,TVDFSLDPTFTIETTTL 
41365,PTFTIETTTLPQDAV 
41366,ETTTLPQDAVSRTQRR 
41367,QDAVSRTQRRGRTGR 
41368,RTQRRGRTGRGKPGIY 
41369,RTGRGKPGIYRFVA 
41370,GKPGIYRFVAPGER 
41371,IYRFVAPGERPSGMF 
41372,APGERPSGMFDSSVL 
41373,PSGMFDSSVLCECYDA 
41374,SSVLCECYDAGCAWY 
41375,ECYDAGCAWYELTPA 
41376,GCAWYELTPAETTVRL 
41377,LTPAETTVRLRAYM 
41378,ETTVRLRAYMNTPGL 
41379,LRAYMNTPGLPVCQDH 
41380,TPGLPVCQDHLEFW 
41381,PVCQDHLEFWEGVF 
41382,DHLEFWEGVFTGLTHI 
41383,EGVFTGLTHIDAHFL 
41384,GLTHIDAHFLSQTK 
41385,IDAHFLSQTKQSGENF 
41386,SQTKQSGENFPYLVAY 
41387,GENFPYLVAYQATVCA 
41388,LVAYQATVCARAQA 
41389,QATVCARAQAPPPSW 
41390,ARAQAPPPSWDQMWK 
41391,PPPSWDQMWKCLIRLK 
41392,QMWKCLIRLKPTLH 
41393,CLIRLKPTLHGPTPLL 
41394,PTLHGPTPLLYRLGAV 
41395,TPLLYRLGAVQNEVTL 
41396,LGAVQNEVTLTHPITK 
41397,EVTLTHPITKYIMTCM 
41398,PITKYIMTCMSADLEV 
41399,MTCMSADLEVVTSTWV 
41400,DLEVVTSTWVLVGGVL 
41401,STWVLVGGVLAALAAY 
41402,GGVLAALAAYCLSTGCV 
41403,AAYCLSTGCVVIVGRI 
41404,TGCVVIVGRIVLSGK 
41405,IVGRIVLSGKPAII 
41406,IVLSGKPAIIPDREVL
41407,PAIIPDREVLYQEF 
41408,PDREVLYQEFDEMEECSQH 
41409,FDEMEECSQHLPYI 
41410,EECSQHLPYIEQGMML 
41411,LPYIEQGMMLAEQFK 
41412,QGMMLAEQFKQKALGL 
41413,EQFKQKALGLLQTASR 
41414,ALGLLQTASRQAEVI 
41415,QTASRQAEVITPAV 
41416,RQAEVITPAVQTNWQK 
41417,TPAVQTNWQKLEVFWA
41418,NWQKLEVFWAKHMWNF 
41419,VFWAKHMWNFISGIQY
41420,MWNFISGIQYLAGL 
41421,ISGIQYLAGLSTLPGNPA 
41422,GLSTLPGNPAIASLMA 
41423,GNPAIASLMAFTAAV 
41424,ASLMAFTAAVTSPL 
41425,AFTAAVTSPLTTGQTL 
41426,TSPLTTGQTLLFNIL 
41427,TGQTLLFNILGGWVAA
41428,FNILGGWVAAQLAA 
41429,GGWVAAQLAAPGAATA 
41430,QLAAPGAATAFVGAGL 
41431,AATAFVGAGLAGAAI 
41432,VGAGLAGAAIGSVGL 
41433,AGAAIGSVGLGKVLV 
41434,GSVGLGKVLVDILAGY 
41435,KVLVDILAGYGAGVA 
41436,ILAGYGAGVAGALVAF 
41437,AGVAGALVAFKIMSGEV 
41438,VAFKIMSGEVPSTEDL 
41439,SGEVPSTEDLVNLLPA 
41440,TEDLVNLLPAILSPGA 
41441,LLPAILSPGALVVGVV 
41442,SPGALVVGVVCAAILR 
41443,VGVVCAAILRRHVGPGEGA 
41444,RRHVGPGEGAVQWMNR 
41445,GEGAVQWMNRLIAFA 
41446,QWMNRLIAFASRGNHV 
41447,IAFASRGNHVSPTHYV 
41448,GNHVSPTHYVPESDAA 
41449,THYVPESDAAARVTAI 
41450,SDAAARVTAILSSLTV 
41451,VTAILSSLTVTQLLRR 
41452,SLTVTQLLRRLHQWI 
41453,QLLRRLHQWISSECTTPCSGSW 
41454,ECTTPCSGSWLRDIW 
41455,CSGSWLRDIWDWICEV 
41456,RDIWDWICEVLSDFK 
41457,WICEVLSDFKTWLKAK 
41458,SDFKTWLKAKLMPQL 
41459,WLKAKLMPQLPGIPFV 
41460,MPQLPGIPFVSCQRGY 
41461,IPFVSCQRGYRGVWR 
41462,CQRGYRGVWRGDGIMH 
41463,GVWRGDGIMHTRCH 
41464,GDGIMHTRCHCGAEI 
41465,HTRCHCGAEITGHVK 
41466,CGAEITGHVKNGTMRI 
41467,GHVKNGTMRIVGPR 
41468,NGTMRIVGPRTCRNMW 
41469,VGPRTCRNMWSGTFPI 
41470,RNMWSGTFPINAYTTGPCTPL 
41471,AYTTGPCTPLPAPNYK 
41472,CTPLPAPNYKFALWRV 
41473,PNYKFALWRVSAEEYV 
41474,LWRVSAEEYVEIRRV 
41475,AEEYVEIRRVGDFHYV 
41476,IRRVGDFHYVSGMTTDNL 
41477,YVSGMTTDNLKCPCQI 
41478,TDNLKCPCQIPSPEFF 
41479,PCQIPSPEFFTELDGV 
41480,PEFFTELDGVRLHRFA 
41481,LDGVRLHRFAPPCKPL 
41482,HRFAPPCKPLLREEV 
41483,PCKPLLREEVSFRVGL 
41484,REEVSFRVGLHEYPV 
41485,FRVGLHEYPVGSQL 
41486,LHEYPVGSQLPCEPEPDV 
41487,QLPCEPEPDVAVLTSM 
41488,EPDVAVLTSMLTDPSH 
41489,LTSMLTDPSHITAEAA 
41490,DPSHITAEAAGRRLAR 
41491,AEAAGRRLARGSPPSM 
41492,RLARGSPPSMASSSA 
41493,SPPSMASSSASQLSA 
41494,ASSSASQLSAPSLKA 
41495,SQLSAPSLKATCTANH 
41496,SLKATCTANHDSPDA 
41497,CTANHDSPDAELIEA 
41498,DSPDAELIEANLLWR 
41499,ELIEANLLWRQEMGGNI 
41500,LWRQEMGGNITRVESENK 
41501,NITRVESENKVVIL 
41502,VESENKVVILDSFDPL 
41503,VVILDSFDPLVAEEDER 
41504,DPLVAEEDEREVSVPA 
41505,EDEREVSVPAEILRK 
41506,VSVPAEILRKSRRFAR
41507,ILRKSRRFARALPVWA 
41508,RFARALPVWARPDY 
41509,ALPVWARPDYNPPLV 
41510,ARPDYNPPLVETWKK 
41511,NPPLVETWKKPDYEPPV 
41512,WKKPDYEPPVVHGCPL 
41513,EPPVVHGCPLPPPR 
41514,VHGCPLPPPRSPPV 
41515,PLPPPRSPPVPPPRKK 
41516,SPPVPPPRKKRTVVL 
41517,PPRKKRTVVLTESTL 
41518,RTVVLTESTLSTALA 
41519,TESTLSTALAELATK 
41520,STALAELATKSFGSSSTSGI 
41521,SFGSSSTSGITGDNTTTSSEPA 
41522,DNTTTSSEPAPSGCPPDSDV 
41523,PSGCPPDSDVESYSSM 
41524,DSDVESYSSMPPLEGEPGDPDL 
41525,LEGEPGDPDLSDGSW 
41526,GDPDLSDGSWSTVSSGA 
41527,GSWSTVSSGADTEDVV 
41528,SSGADTEDVVCCSMSY
41529,EDVVCCSMSYSWTGAL 
41530,SMSYSWTGALVTPCAA 
41531,TGALVTPCAAEEQKL 
41532,TPCAAEEQKLPINAL 
41533,EEQKLPINALSNSLLR 
41534,INALSNSLLRHHNLVY 
41535,SLLRHHNLVYSTTSR 
41536,HNLVYSTTSRSACQR 
41537,STTSRSACQRQKKVTF 
41538,ACQRQKKVTFDRLQVL 
41539,KVTFDRLQVLDSHY 
41540,DRLQVLDSHYQDVLK 
41541,LDSHYQDVLKEVKAAA 
41542,DVLKEVKAAASKVKA 
41543,VKAAASKVKANLLSV 
41544,SKVKANLLSVEEACSL 
41545,LLSVEEACSLTPPHSA 
41546,ACSLTPPHSAKSKFGY 
41547,PHSAKSKFGYGAKDVR 
41548,KFGYGAKDVRCHARKA 
41549,KDVRCHARKAVAHI 
41550,CHARKAVAHINSVWK 
41551,AVAHINSVWKDLLEDSV
41552,VWKDLLEDSVTPIDTTI 
41553,DSVTPIDTTIMAKNEV 
41554,DTTIMAKNEVFCVQPEK 
41555,NEVFCVQPEKGGRKPA 
41556,QPEKGGRKPARLIVF 
41557,GRKPARLIVFPDLGVR 
41558,LIVFPDLGVRVCEKMA 
41559,LGVRVCEKMALYDVV 
41560,CEKMALYDVVSKLPLA 
41561,YDVVSKLPLAVMGSSY 
41562,LPLAVMGSSYGFQY 
41563,VMGSSYGFQYSPGQRV 
41564,GFQYSPGQRVEFLVQA 
41565,GQRVEFLVQAWKSKK 
41566,FLVQAWKSKKTPMGF 
41567,WKSKKTPMGFSYDTR 
41568,TPMGFSYDTRCFDSTV 
41569,YDTRCFDSTVTESDIR 
41570,DSTVTESDIRTEEAIY 
41571,SDIRTEEAIYQCCDL 
41572,EEAIYQCCDLDPQARV 
41573,CCDLDPQARVAIKSL 
41574,PQARVAIKSLTERLYV 
41575,IKSLTERLYVGGPL 
41576,TERLYVGGPLTNSR 
41577,YVGGPLTNSRGENCGY 
41578,TNSRGENCGYRRCRA 
41579,ENCGYRRCRASGVL 
41580,YRRCRASGVLTTSCGNTL 
41581,VLTTSCGNTLTCYIKA 
41582,GNTLTCYIKARAACRA 
41583,YIKARAACRAAGLQDCTM 
41584,RAAGLQDCTMLVCGDDL 
41585,CTMLVCGDDLVVICESA 
41586,DDLVVICESAGVQEDA 
41587,CESAGVQEDAASLRAF 
41588,QEDAASLRAFTEAMTR 
41589,LRAFTEAMTRYSAPPG 
41590,AMTRYSAPPGDPPQPEY 
41591,PPGDPPQPEYDLELI 
41592,PQPEYDLELITSCSSNV 
41593,ELITSCSSNVSVAH 
41594,SCSSNVSVAHDGAGKR 
41595,SVAHDGAGKRVYYLTR 
41596,AGKRVYYLTRDPTTPL 
41597,YLTRDPTTPLARAAW 
41598,PTTPLARAAWETARH 
41599,ARAAWETARHTPVNSW 
41600,TARHTPVNSWLGNIIM 
41601,VNSWLGNIIMFAPTLW 
41602,NIIMFAPTLWARMILM 
41603,PTLWARMILMTHFFSV 
41604,MILMTHFFSVLIAR 
41605,THFFSVLIARDQLEQA 
41606,LIARDQLEQALNCEIY 
41607,LEQALNCEIYGACYSI 
41608,CEIYGACYSIEPLDL 
41609,ACYSIEPLDLPPIIQR 
41610,PLDLPPIIQRLHGLSA 
41611,IIQRLHGLSAFSLHSY 
41612,GLSAFSLHSYSPGEI 
41613,SLHSYSPGEINRVAA 
41614,SPGEINRVAACLRKL 
41615,NRVAACLRKLGVPPLR 
41616,LRKLGVPPLRAWRHRA 
41617,PPLRAWRHRARSVRAR 
41618,RHRARSVRARLLSR 
41619,RSVRARLLSRGGRAAI 
41620,LLSRGGRAAICGKYLF 
41621,RAAICGKYLFNWAVR 
41622,GKYLFNWAVRTKLKL 
41623,NWAVRTKLKLTPIAAA 
41624,KLKLTPIAAAGRLDL 
41625,PIAAAGRLDLSGWFTA 
41626,RLDLSGWFTAGYSGGDI 
41627,FTAGYSGGDIYHSVSH 
41628,GGDIYHSVSHARPRWF 
41629,SVSHARPRWFWFCLLL 
41630,PRWFWFCLLLLAAGV 
41631,FCLLLLAAGVGIYLL 
41632,LAAGVGIYLLPNR 
A11-126,GAYMSKAHGV
B7-11,DPRRRSRNL
B35-135,HPNIEEVAL
B44-8,NEGCGWMGW
B60-20,GQIVGGCYL
A24-103,AYSQQTRGL
78J,FYGMWPLLLL
A2-225,ILDSFDPLV
A2-272,GLQDCTMLV
A2-36,SMVGNWAKV
A2-185,ILAGYGAGV
A2-257,RLIVFDLGV
A2-198,VLSDFKTWL
20G,CPNSSIVY
A2-40,SLLAPGAKQNV
A2-116,LLCPAGHAV
A2-128,TGAPVTYSTY
A2-178,SLMAFTAAV
A2-180,LLFNILGGWV
A2-61,RLWHYPCTV
110G,WPAPQGSRSL
143D,ATDALMTGY
A2-3,YLLPRRGPRL
A2-13,DLMGYIPLV
A2-17,LLALLSCLTV
A2-22,ILHTPGCV
A2-25,QLRRHIDLLV
95E,RDWAHNGL
61D,DYPYRLWHY
46I,RPLTDFDQGW
226D,REISVPAEIL
49C-2,YPPKPCGI
65G,LEDRDRSEL
52A,GENDTDVFVL
215C,HEYPVGSQL
57D,CVIGGAGNNT
169G,IPDREVLY
216B,EPEPDVAVL
161D,LIRLKPTL
C171A,HSKKKCDEL
401,NASRCWVAM
221E,NHDSPDAEL
279I,HDGAGKRVYYL
4H,GPRLGVRAT
194D,AARVTAIL
256D,QPEKGGRKPA
300B,VGIYLLPNR
281E,TARHTPVNSW
175 B,ETFWAKHMW
84J,LSPYYKRYIS
174C,EVIAPAVQTNW
C6,MALTLSPY
222H,ELIEANLLW
196F,SECTTPCSGSW
179G,LTTSQTLLF
163B,TLTHPVTK
28F,FLVSQLFTF
22B.8,RVCEKMALY
250A,SLTPPHSAK
62A,TINYTIFK
C127A,TLGFGAYMSK
A7,MSTNPKPQKK
259F,ALYDVVTKL
C63B,CINGVCWTV
222A,SPDAELIEANL
140G,KLVALGINAV
32J,MMMNWSPTT
84E,YISWCLWW
305TL15,CSIYPGHITGHRMAW
1370TL10,GEIPFYGKAI
880TL10,HPTLVFDIT
A2-113,YLVTRHADV
B8-140,ELAAKLVGL
262G,KSKKTPMGF
117B,HAVGLFRAA
209J ,RQVGDFHYV
89D ,AVFGPLWIL
88H ,TLVFDITKL
173F,RQAEVIAPA
45B-v ,RLTDFAQGW
65K,RSELSPLLLT
291C,LGVPPLRAWR
54C/D ,NTRPPLGNWF
213G,RFAPPCKPLLR
171J,LPYIEQGMML
127D,GIDPNIRTGV
127G,DPNIRTGVR
85A-v,HVWVPPLNVR
211A,FFTELDGVRL
124H,AAQFYKVLVL
849B9,FLTRVEAQL
1053B9,NQVEGEVQI
1080B9,TVYHGAGTR
2184B9,EAAGRRLAR
289D,SPGEINRVAA
661B9,ELSPLLLST
708B9,SIASWAIKW
521B9,RSGAPTYSW
1596B9,RAQAPPPSW
1745B10,VIAPAVQTNW
828B9,ALTLSPYYK
1409B9,ALGINAVAY
2415B9,DVVCCSMSY
910B10,PYFVRAQGLI
43B9,RLGVRATRK
1123B9,CTCGSSDLY
B27-77,GRWVPGAVY
B27-148,GRGKPGIYRF
B27-281F,ARHTPVNSW
B27-293,GRAAICGKY
780p7,GRWVPGAAY
279G,HDGAGKRVY
174D,VIAPAVQTNW
275D,AFTEAMTRYSA
A3-5,KTSERSQPR
A3-63,RMYVGGVEHR
246A,SACQRQKKVTFDR
1100MYT,MYTNVDQDL
B15_2450,CQRQKKVTF
B15_2466,LLRHHNLVY
CMV,VTEHDTLLY
CMV,IPSINVHHY
EBV,RAKFKQLL
Flu,GILGFVFTL
CMV,NLVPMVATV
CMV,TPRVTGGGAM
Flu,CTELKLSDY
EBV,GLCTLVAML
EBV,CLGGLLTMV